[
  {
    "anonymous": false,
    "inputs": [
      {
        "indexed": true,
        "internalType": "uint256",
        "name": "damageId",
        "type": "uint256"
      },
      {
        "indexed": false,
        "internalType": "string",
        "name": "userId",
        "type": "string"
      },
      {
        "indexed": false,
        "internalType": "string",
        "name": "paddyType",
        "type": "string"
      },
      {
        "indexed": false,
        "internalType": "uint256",
        "name": "quantity",
        "type": "uint256"
      },
      {
        "indexed": false,
        "internalType": "uint256",
        "name": "damageDate",
        "type": "uint256"
      }
    ],
    "name": "DamageRecorded",
    "type": "event"
  },
  {
    "anonymous": false,
    "inputs": [
      {
        "indexed": true,
        "internalType": "uint256",
        "name": "millingId",
        "type": "uint256"
      },
      {
        "indexed": false,
        "internalType": "string",
        "name": "millerId",
        "type": "string"
      },
      {
        "indexed": false,
        "internalType": "string",
        "name": "paddyType",
        "type": "string"
      },
      {
        "indexed": false,
        "internalType": "uint256",
        "name": "inputQty",
        "type": "uint256"
      },
      {
        "indexed": false,
        "internalType": "uint256",
        "name": "outputQty",
        "type": "uint256"
      },
      {
        "indexed": false,
        "internalType": "uint256",
        "name": "date",
        "type": "uint256"
      }
    ],
    "name": "MillingRecorded",
    "type": "event"
  },
  {
    "anonymous": false,
    "inputs": [
      {
        "indexed": true,
        "internalType": "uint256",
        "name": "damageId",
        "type": "uint256"
      },
      {
        "indexed": false,
        "internalType": "string",
        "name": "userId",
        "type": "string"
      },
      {
        "indexed": false,
        "internalType": "string",
        "name": "riceType",
        "type": "string"
      },
      {
        "indexed": false,
        "internalType": "uint256",
        "name": "quantity",
        "type": "uint256"
      },
      {
        "indexed": false,
        "internalType": "uint256",
        "name": "damageDate",
        "type": "uint256"
      }
    ],
    "name": "RiceDamageRecorded",
    "type": "event"
  },
  {
    "anonymous": false,
    "inputs": [
      {
        "indexed": true,
        "internalType": "uint256",
        "name": "txId",
        "type": "uint256"
      },
      {
        "indexed": true,
        "internalType": "string",
        "name": "fromParty",
        "type": "string"
      },
      {
        "indexed": true,
        "internalType": "string",
        "name": "toParty",
        "type": "string"
      },
      {
        "indexed": false,
        "internalType": "string",
        "name": "riceType",
        "type": "string"
      },
      {
        "indexed": false,
        "internalType": "uint256",
        "name": "quantity",
        "type": "uint256"
      },
      {
        "indexed": false,
        "internalType": "uint256",
        "name": "timestamp",
        "type": "uint256"
      }
    ],
    "name": "RiceTransactionRecorded",
    "type": "event"
  },
  {
    "anonymous": false,
    "inputs": [
      {
        "indexed": true,
        "internalType": "uint256",
        "name": "txId",
        "type": "uint256"
      },
      {
        "indexed": true,
        "internalType": "string",
        "name": "fromParty",
        "type": "string"
      },
      {
        "indexed": true,
        "internalType": "string",
        "name": "toParty",
        "type": "string"
      },
      {
        "indexed": false,
        "internalType": "string",
        "name": "productType",
        "type": "string"
      },
      {
        "indexed": false,
        "internalType": "uint256",
        "name": "quantity",
        "type": "uint256"
      },
      {
        "indexed": false,
        "internalType": "uint256",
        "name": "timestamp",
        "type": "uint256"
      }
    ],
    "name": "TransactionRecorded",
    "type": "event"
  },
  {
    "inputs": [
      {
        "internalType": "uint256",
        "name": "",
        "type": "uint256"
      }
    ],
    "name": "damageRecords",
    "outputs": [
      {
        "internalType": "string",
        "name": "userId",
        "type": "string"
      },
      {
        "internalType": "string",
        "name": "paddyType",
        "type": "string"
      },
      {
        "internalType": "uint256",
        "name": "quantity",
        "type": "uint256"
      },
      {
        "internalType": "uint256",
        "name": "damageDate",
        "type": "uint256"
      }
    ],
    "stateMutability": "view",
    "type": "function"
  },
  {
    "inputs": [],
    "name": "getAllDamageRecords",
    "outputs": [
      {
        "components": [
          {
            "internalType": "string",
            "name": "userId",
            "type": "string"
          },
          {
            "internalType": "string",
            "name": "paddyType",
            "type": "string"
          },
          {
            "internalType": "uint256",
            "name": "quantity",
            "type": "uint256"
          },
          {
            "internalType": "uint256",
            "name": "damageDate",
            "type": "uint256"
          }
        ],
        "internalType": "struct Operations.DamageRecord[]",
        "name": "",
        "type": "tuple[]"
      }
    ],
    "stateMutability": "view",
    "type": "function"
  },
  {
    "inputs": [],
    "name": "getAllMillingRecords",
    "outputs": [
      {
        "components": [
          {
            "internalType": "string",
            "name": "millerId",
            "type": "string"
          },
          {
            "internalType": "string",
            "name": "paddyType",
            "type": "string"
          },
          {
            "internalType": "uint256",
            "name": "inputQty",
            "type": "uint256"
          },
          {
            "internalType": "uint256",
            "name": "outputQty",
            "type": "uint256"
          },
          {
            "internalType": "uint256",
            "name": "date",
            "type": "uint256"
          }
        ],
        "internalType": "struct Operations.MillingRecord[]",
        "name": "",
        "type": "tuple[]"
      }
    ],
    "stateMutability": "view",
    "type": "function"
  },
  {
    "inputs": [],
    "name": "getAllRiceDamageRecords",
    "outputs": [
      {
        "components": [
          {
            "internalType": "string",
            "name": "userId",
            "type": "string"
          },
          {
            "internalType": "string",
            "name": "riceType",
            "type": "string"
          },
          {
            "internalType": "uint256",
            "name": "quantity",
            "type": "uint256"
          },
          {
            "internalType": "uint256",
            "name": "damageDate",
            "type": "uint256"
          }
        ],
        "internalType": "struct Operations.RiceDamageRecord[]",
        "name": "",
        "type": "tuple[]"
      }
    ],
    "stateMutability": "view",
    "type": "function"
  },
  {
    "inputs": [],
    "name": "getAllRiceTransactions",
    "outputs": [
      {
        "components": [
          {
            "internalType": "string",
            "name": "fromParty",
            "type": "string"
          },
          {
            "internalType": "string",
            "name": "toParty",
            "type": "string"
          },
          {
            "internalType": "string",
            "name": "riceType",
            "type": "string"
          },
          {
            "internalType": "uint256",
            "name": "quantity",
            "type": "uint256"
          },
          {
            "internalType": "uint256",
            "name": "timestamp",
            "type": "uint256"
          }
        ],
        "internalType": "struct Operations.RiceTransaction[]",
        "name": "",
        "type": "tuple[]"
      }
    ],
    "stateMutability": "view",
    "type": "function"
  },
  {
    "inputs": [],
    "name": "getAllTransactions",
    "outputs": [
      {
        "components": [
          {
            "internalType": "string",
            "name": "fromParty",
            "type": "string"
          },
          {
            "internalType": "string",
            "name": "toParty",
            "type": "string"
          },
          {
            "internalType": "string",
            "name": "productType",
            "type": "string"
          },
          {
            "internalType": "uint256",
            "name": "quantity",
            "type": "uint256"
          },
          {
            "internalType": "uint256",
            "name": "timestamp",
            "type": "uint256"
          }
        ],
        "internalType": "struct Operations.Transaction[]",
        "name": "",
        "type": "tuple[]"
      }
    ],
    "stateMutability": "view",
    "type": "function"
  },
  {
    "inputs": [
      {
        "internalType": "uint256",
        "name": "_damageId",
        "type": "uint256"
      }
    ],
    "name": "getDamageRecord",
    "outputs": [
      {
        "components": [
          {
            "internalType": "string",
            "name": "userId",
            "type": "string"
          },
          {
            "internalType": "string",
            "name": "paddyType",
            "type": "string"
          },
          {
            "internalType": "uint256",
            "name": "quantity",
            "type": "uint256"
          },
          {
            "internalType": "uint256",
            "name": "damageDate",
            "type": "uint256"
          }
        ],
        "internalType": "struct Operations.DamageRecord",
        "name": "",
        "type": "tuple"
      }
    ],
    "stateMutability": "view",
    "type": "function"
  },
  {
    "inputs": [
      {
        "internalType": "uint256",
        "name": "_millingId",
        "type": "uint256"
      }
    ],
    "name": "getMillingRecord",
    "outputs": [
      {
        "components": [
          {
            "internalType": "string",
            "name": "millerId",
            "type": "string"
          },
          {
            "internalType": "string",
            "name": "paddyType",
            "type": "string"
          },
          {
            "internalType": "uint256",
            "name": "inputQty",
            "type": "uint256"
          },
          {
            "internalType": "uint256",
            "name": "outputQty",
            "type": "uint256"
          },
          {
            "internalType": "uint256",
            "name": "date",
            "type": "uint256"
          }
        ],
        "internalType": "struct Operations.MillingRecord",
        "name": "",
        "type": "tuple"
      }
    ],
    "stateMutability": "view",
    "type": "function"
  },
  {
    "inputs": [
      {
        "internalType": "uint256",
        "name": "_damageId",
        "type": "uint256"
      }
    ],
    "name": "getRiceDamageRecord",
    "outputs": [
      {
        "components": [
          {
            "internalType": "string",
            "name": "userId",
            "type": "string"
          },
          {
            "internalType": "string",
            "name": "riceType",
            "type": "string"
          },
          {
            "internalType": "uint256",
            "name": "quantity",
            "type": "uint256"
          },
          {
            "internalType": "uint256",
            "name": "damageDate",
            "type": "uint256"
          }
        ],
        "internalType": "struct Operations.RiceDamageRecord",
        "name": "",
        "type": "tuple"
      }
    ],
    "stateMutability": "view",
    "type": "function"
  },
  {
    "inputs": [
      {
        "internalType": "uint256",
        "name": "txId",
        "type": "uint256"
      }
    ],
    "name": "getRiceTransaction",
    "outputs": [
      {
        "components": [
          {
            "internalType": "string",
            "name": "fromParty",
            "type": "string"
          },
          {
            "internalType": "string",
            "name": "toParty",
            "type": "string"
          },
          {
            "internalType": "string",
            "name": "riceType",
            "type": "string"
          },
          {
            "internalType": "uint256",
            "name": "quantity",
            "type": "uint256"
          },
          {
            "internalType": "uint256",
            "name": "timestamp",
            "type": "uint256"
          }
        ],
        "internalType": "struct Operations.RiceTransaction",
        "name": "",
        "type": "tuple"
      }
    ],
    "stateMutability": "view",
    "type": "function"
  },
  {
    "inputs": [
      {
        "internalType": "uint256",
        "name": "txId",
        "type": "uint256"
      }
    ],
    "name": "getTransaction",
    "outputs": [
      {
        "components": [
          {
            "internalType": "string",
            "name": "fromParty",
            "type": "string"
          },
          {
            "internalType": "string",
            "name": "toParty",
            "type": "string"
          },
          {
            "internalType": "string",
            "name": "productType",
            "type": "string"
          },
          {
            "internalType": "uint256",
            "name": "quantity",
            "type": "uint256"
          },
          {
            "internalType": "uint256",
            "name": "timestamp",
            "type": "uint256"
          }
        ],
        "internalType": "struct Operations.Transaction",
        "name": "",
        "type": "tuple"
      }
    ],
    "stateMutability": "view",
    "type": "function"
  },
  {
    "inputs": [
      {
        "internalType": "uint256",
        "name": "",
        "type": "uint256"
      }
    ],
    "name": "millingRecords",
    "outputs": [
      {
        "internalType": "string",
        "name": "millerId",
        "type": "string"
      },
      {
        "internalType": "string",
        "name": "paddyType",
        "type": "string"
      },
      {
        "internalType": "uint256",
        "name": "inputQty",
        "type": "uint256"
      },
      {
        "internalType": "uint256",
        "name": "outputQty",
        "type": "uint256"
      },
      {
        "internalType": "uint256",
        "name": "date",
        "type": "uint256"
      }
    ],
    "stateMutability": "view",
    "type": "function"
  },
  {
    "inputs": [],
    "name": "nextDamageId",
    "outputs": [
      {
        "internalType": "uint256",
        "name": "",
        "type": "uint256"
      }
    ],
    "stateMutability": "view",
    "type": "function"
  },
  {
    "inputs": [],
    "name": "nextMillingId",
    "outputs": [
      {
        "internalType": "uint256",
        "name": "",
        "type": "uint256"
      }
    ],
    "stateMutability": "view",
    "type": "function"
  },
  {
    "inputs": [],
    "name": "nextRiceDamageId",
    "outputs": [
      {
        "internalType": "uint256",
        "name": "",
        "type": "uint256"
      }
    ],
    "stateMutability": "view",
    "type": "function"
  },
  {
    "inputs": [],
    "name": "nextRiceTxId",
    "outputs": [
      {
        "internalType": "uint256",
        "name": "",
        "type": "uint256"
      }
    ],
    "stateMutability": "view",
    "type": "function"
  },
  {
    "inputs": [],
    "name": "nextTxId",
    "outputs": [
      {
        "internalType": "uint256",
        "name": "",
        "type": "uint256"
      }
    ],
    "stateMutability": "view",
    "type": "function"
  },
  {
    "inputs": [
      {
        "internalType": "string",
        "name": "",
        "type": "string"
      },
      {
        "internalType": "uint256",
        "name": "",
        "type": "uint256"
      }
    ],
    "name": "receivedRiceTxs",
    "outputs": [
      {
        "internalType": "uint256",
        "name": "",
        "type": "uint256"
      }
    ],
    "stateMutability": "view",
    "type": "function"
  },
  {
    "inputs": [
      {
        "internalType": "string",
        "name": "",
        "type": "string"
      },
      {
        "internalType": "uint256",
        "name": "",
        "type": "uint256"
      }
    ],
    "name": "receivedTxs",
    "outputs": [
      {
        "internalType": "uint256",
        "name": "",
        "type": "uint256"
      }
    ],
    "stateMutability": "view",
    "type": "function"
  },
  {
    "inputs": [
      {
        "components": [
          {
            "internalType": "string",
            "name": "userId",
            "type": "string"
          },
          {
            "internalType": "string",
            "name": "paddyType",
            "type": "string"
          },
          {
            "internalType": "uint256",
            "name": "quantity",
            "type": "uint256"
          },
          {
            "internalType": "uint256",
            "name": "damageDate",
            "type": "uint256"
          }
        ],
        "internalType": "struct Operations.DamageRecordInput",
        "name": "input",
        "type": "tuple"
      }
    ],
    "name": "recordDamage",
    "outputs": [],
    "stateMutability": "nonpayable",
    "type": "function"
  },
  {
    "inputs": [
      {
        "components": [
          {
            "internalType": "string",
            "name": "millerId",
            "type": "string"
          },
          {
            "internalType": "string",
            "name": "paddyType",
            "type": "string"
          },
          {
            "internalType": "uint256",
            "name": "inputQty",
            "type": "uint256"
          },
          {
            "internalType": "uint256",
            "name": "outputQty",
            "type": "uint256"
          },
          {
            "internalType": "uint256",
            "name": "date",
            "type": "uint256"
          }
        ],
        "internalType": "struct Operations.MillingRecordInput",
        "name": "input",
        "type": "tuple"
      }
    ],
    "name": "recordMilling",
    "outputs": [],
    "stateMutability": "nonpayable",
    "type": "function"
  },
  {
    "inputs": [
      {
        "components": [
          {
            "internalType": "string",
            "name": "userId",
            "type": "string"
          },
          {
            "internalType": "string",
            "name": "riceType",
            "type": "string"
          },
          {
            "internalType": "uint256",
            "name": "quantity",
            "type": "uint256"
          },
          {
            "internalType": "uint256",
            "name": "damageDate",
            "type": "uint256"
          }
        ],
        "internalType": "struct Operations.RiceDamageRecordInput",
        "name": "input",
        "type": "tuple"
      }
    ],
    "name": "recordRiceDamage",
    "outputs": [],
    "stateMutability": "nonpayable",
    "type": "function"
  },
  {
    "inputs": [
      {
        "internalType": "string",
        "name": "fromParty",
        "type": "string"
      },
      {
        "internalType": "string",
        "name": "toParty",
        "type": "string"
      },
      {
        "internalType": "string",
        "name": "riceType",
        "type": "string"
      },
      {
        "internalType": "uint256",
        "name": "quantity",
        "type": "uint256"
      }
    ],
    "name": "recordRiceTransaction",
    "outputs": [],
    "stateMutability": "nonpayable",
    "type": "function"
  },
  {
    "inputs": [
      {
        "internalType": "string",
        "name": "fromParty",
        "type": "string"
      },
      {
        "internalType": "string",
        "name": "toParty",
        "type": "string"
      },
      {
        "internalType": "string",
        "name": "productType",
        "type": "string"
      },
      {
        "internalType": "uint256",
        "name": "quantity",
        "type": "uint256"
      }
    ],
    "name": "recordTransaction",
    "outputs": [],
    "stateMutability": "nonpayable",
    "type": "function"
  },
  {
    "inputs": [
      {
        "internalType": "uint256",
        "name": "",
        "type": "uint256"
      }
    ],
    "name": "riceDamageRecords",
    "outputs": [
      {
        "internalType": "string",
        "name": "userId",
        "type": "string"
      },
      {
        "internalType": "string",
        "name": "riceType",
        "type": "string"
      },
      {
        "internalType": "uint256",
        "name": "quantity",
        "type": "uint256"
      },
      {
        "internalType": "uint256",
        "name": "damageDate",
        "type": "uint256"
      }
    ],
    "stateMutability": "view",
    "type": "function"
  },
  {
    "inputs": [
      {
        "internalType": "uint256",
        "name": "",
        "type": "uint256"
      }
    ],
    "name": "riceTransactions",
    "outputs": [
      {
        "internalType": "string",
        "name": "fromParty",
        "type": "string"
      },
      {
        "internalType": "string",
        "name": "toParty",
        "type": "string"
      },
      {
        "internalType": "string",
        "name": "riceType",
        "type": "string"
      },
      {
        "internalType": "uint256",
        "name": "quantity",
        "type": "uint256"
      },
      {
        "internalType": "uint256",
        "name": "timestamp",
        "type": "uint256"
      }
    ],
    "stateMutability": "view",
    "type": "function"
  },
  {
    "inputs": [
      {
        "internalType": "string",
        "name": "",
        "type": "string"
      },
      {
        "internalType": "uint256",
        "name": "",
        "type": "uint256"
      }
    ],
    "name": "sentRiceTxs",
    "outputs": [
      {
        "internalType": "uint256",
        "name": "",
        "type": "uint256"
      }
    ],
    "stateMutability": "view",
    "type": "function"
  },
  {
    "inputs": [
      {
        "internalType": "string",
        "name": "",
        "type": "string"
      },
      {
        "internalType": "uint256",
        "name": "",
        "type": "uint256"
      }
    ],
    "name": "sentTxs",
    "outputs": [
      {
        "internalType": "uint256",
        "name": "",
        "type": "uint256"
      }
    ],
    "stateMutability": "view",
    "type": "function"
  },
  {
    "inputs": [
      {
        "internalType": "uint256",
        "name": "",
        "type": "uint256"
      }
    ],
    "name": "transactions",
    "outputs": [
      {
        "internalType": "string",
        "name": "fromParty",
        "type": "string"
      },
      {
        "internalType": "string",
        "name": "toParty",
        "type": "string"
      },
      {
        "internalType": "string",
        "name": "productType",
        "type": "string"
      },
      {
        "internalType": "uint256",
        "name": "quantity",
        "type": "uint256"
      },
      {
        "internalType": "uint256",
        "name": "timestamp",
        "type": "uint256"
      }
    ],
    "stateMutability": "view",
    "type": "function"
  }
]
